insert into restaurante (id, estrelas, tipo_comida, cnpj, nome) values (1, 3, 5, '97878996189920', 'Jakubowski, Ziemann and Okuneva');
insert into restaurante (id, estrelas, tipo_comida, cnpj, nome) values (2, 2, 3, '86203864559254', 'Stracke-Skiles');
insert into restaurante (id, estrelas, tipo_comida, cnpj, nome) values (3, 1, 1, '43374019993530', 'Bernhard, Corkery and Hoppe');
insert into restaurante (id, estrelas, tipo_comida, cnpj, nome) values (4, 2, 6, '32486950920912', 'Hoppe-Breitenberg');
insert into restaurante (id, estrelas, tipo_comida, cnpj, nome) values (5, 0, 5, '40789146122008', 'Fay Group');

insert into funcionario (id, carga_horaria, cargo, data_admisao, data_nascimento, salario, sexo, restaurante_id, cpf, telefone, nome, sobrenome) values (1, 169, 2, '2023-11-17 21:48:35', '2003-07-05 20:50:53', 1786.74, 0, 3, '97739629444', '0105870651167', 'Ofilia', 'Millin');
insert into funcionario (id, carga_horaria, cargo, data_admisao, data_nascimento, salario, sexo, restaurante_id, cpf, telefone, nome, sobrenome) values (2, 200, 1, '2024-06-01 02:19:43', '2004-02-27 13:42:44', 1988.08, 1, 2, '74781537845', '5067230069432', 'Eunice', 'Staten');
insert into funcionario (id, carga_horaria, cargo, data_admisao, data_nascimento, salario, sexo, restaurante_id, cpf, telefone, nome, sobrenome) values (3, 218, 1, '2024-03-09 21:09:38', '2002-06-03 22:01:27', 1921.66, 1, 1, '15136917167', '4964847906576', 'Duke', 'Matysik');
insert into funcionario (id, carga_horaria, cargo, data_admisao, data_nascimento, salario, sexo, restaurante_id, cpf, telefone, nome, sobrenome) values (4, 208, 1, '2024-08-02 09:49:31', '2001-06-09 10:54:29', 1730.14, 1, 1, '13559665831', '5091439604863', 'Aigneis', 'Meas');
insert into funcionario (id, carga_horaria, cargo, data_admisao, data_nascimento, salario, sexo, restaurante_id, cpf, telefone, nome, sobrenome) values (5, 114, 2, '2024-02-13 15:33:04', '2001-12-08 20:30:37', 1748.19, 1, 2, '67176572425', '5601892972592', 'Gareth', 'Foggarty');
insert into funcionario (id, carga_horaria, cargo, data_admisao, data_nascimento, salario, sexo, restaurante_id, cpf, telefone, nome, sobrenome) values (6, 186, 2, '2024-03-10 07:20:50', '2002-04-28 18:48:50', 1746.8, 0, 3, '38917546026', '8596147262139', 'Lanna', 'Diperaus');
insert into funcionario (id, carga_horaria, cargo, data_admisao, data_nascimento, salario, sexo, restaurante_id, cpf, telefone, nome, sobrenome) values (7, 139, 0, '2024-01-25 12:27:04', '2003-10-27 04:05:43', 1839.07, 0, 3, '13659795626', '6392535087454', 'Fair', 'Seamer');
insert into funcionario (id, carga_horaria, cargo, data_admisao, data_nascimento, salario, sexo, restaurante_id, cpf, telefone, nome, sobrenome) values (8, 189, 2, '2023-12-07 20:58:09', '2001-08-26 09:12:43', 1609.86, 1, 5, '25376906322', '9244096824704', 'Alwin', 'Cardero');
insert into funcionario (id, carga_horaria, cargo, data_admisao, data_nascimento, salario, sexo, restaurante_id, cpf, telefone, nome, sobrenome) values (9, 195, 1, '2023-10-08 17:44:53', '2003-07-01 09:19:33', 1546.39, 0, 5, '36515058924', '7756524160201', 'Brier', 'Hasely');
insert into funcionario (id, carga_horaria, cargo, data_admisao, data_nascimento, salario, sexo, restaurante_id, cpf, telefone, nome, sobrenome) values (10, 130, 1, '2024-01-30 23:37:54', '2004-04-30 05:36:26', 1517.41, 0, 4, '93594952675', '7478777643762', 'Starlin', 'Brazel');

insert into cliente (id, bloqueado, data_cadastro, data_nascimento, quantidade_reservas, sexo, valor_gasto, restaurante_id, cpf, telefone, nome, sobrenome) values (1, true, '2024-02-17 20:46:50', '2003-06-04 07:37:15', 0, 0, 0, 1, '45353440202', '9599683100278', 'Bing', 'Coyle');
insert into cliente (id, bloqueado, data_cadastro, data_nascimento, quantidade_reservas, sexo, valor_gasto, restaurante_id, cpf, telefone, nome, sobrenome) values (2, false, '2023-09-28 19:40:22', '2002-02-01 08:51:54', 0, 0, 0, 5, '15112405255', '9537946032709', 'Kelly', 'Weatherup');
insert into cliente (id, bloqueado, data_cadastro, data_nascimento, quantidade_reservas, sexo, valor_gasto, restaurante_id, cpf, telefone, nome, sobrenome) values (3, true, '2024-04-11 05:32:30', '2001-08-27 10:01:33', 0, 0, 0, 4, '43830185549', '6568387887647', 'Brannon', 'Jorry');
insert into cliente (id, bloqueado, data_cadastro, data_nascimento, quantidade_reservas, sexo, valor_gasto, restaurante_id, cpf, telefone, nome, sobrenome) values (4, true, '2023-10-30 11:25:07', '2002-09-25 13:11:33', 0, 1, 0, 3, '56155064851', '5902950341626', 'Cad', 'Taylder');
insert into cliente (id, bloqueado, data_cadastro, data_nascimento, quantidade_reservas, sexo, valor_gasto, restaurante_id, cpf, telefone, nome, sobrenome) values (5, false, '2023-12-09 21:51:31', '2003-05-12 08:21:35', 0, 1, 0, 4, '53612267716', '0960377936104', 'Vanya', 'Bretelle');
insert into cliente (id, bloqueado, data_cadastro, data_nascimento, quantidade_reservas, sexo, valor_gasto, restaurante_id, cpf, telefone, nome, sobrenome) values (6, false, '2024-08-22 18:50:17', '2002-09-21 05:52:48', 0, 0, 0, 1, '38529515061', '5817741712985', 'Frants', 'Whittek');
insert into cliente (id, bloqueado, data_cadastro, data_nascimento, quantidade_reservas, sexo, valor_gasto, restaurante_id, cpf, telefone, nome, sobrenome) values (7, false, '2023-12-07 16:15:04', '2001-10-23 06:10:31', 0, 0, 0, 3, '36379295210', '2441677204267', 'Chevy', 'Porte');
insert into cliente (id, bloqueado, data_cadastro, data_nascimento, quantidade_reservas, sexo, valor_gasto, restaurante_id, cpf, telefone, nome, sobrenome) values (8, true, '2024-03-17 09:09:58', '2002-08-28 11:05:01', 0, 1, 0, 2, '93722392620', '0168897803378', 'Drake', 'Rastrick');
insert into cliente (id, bloqueado, data_cadastro, data_nascimento, quantidade_reservas, sexo, valor_gasto, restaurante_id, cpf, telefone, nome, sobrenome) values (9, true, '2024-07-11 05:03:20', '2001-08-18 11:57:31', 0, 0, 0, 5, '79236454877', '5722176358805', 'Asher', 'Ellery');
insert into cliente (id, bloqueado, data_cadastro, data_nascimento, quantidade_reservas, sexo, valor_gasto, restaurante_id, cpf, telefone, nome, sobrenome) values (10, false, '2024-07-30 21:35:15', '2000-11-30 00:52:47', 0, 0, 0, 1, '90214898777', '7779750895636', 'Weider', 'Greson');
insert into cliente (id, bloqueado, data_cadastro, data_nascimento, quantidade_reservas, sexo, valor_gasto, restaurante_id, cpf, telefone, nome, sobrenome) values (11, false, '2023-11-18 15:15:37', '2000-10-12 20:22:47', 0, 1, 0, 4, '81716491471', '6833418620604', 'Yankee', 'Beltzner');
insert into cliente (id, bloqueado, data_cadastro, data_nascimento, quantidade_reservas, sexo, valor_gasto, restaurante_id, cpf, telefone, nome, sobrenome) values (12, false, '2023-11-04 19:46:40', '2003-08-22 20:49:28', 0, 1, 0, 4, '81136746805', '3074279305626', 'Prinz', 'McWilliam');
insert into cliente (id, bloqueado, data_cadastro, data_nascimento, quantidade_reservas, sexo, valor_gasto, restaurante_id, cpf, telefone, nome, sobrenome) values (13, false, '2024-03-04 08:38:33', '2001-05-19 00:31:50', 0, 0, 0, 3, '40810071900', '9463215395551', 'Ignaz', 'Matfin');
insert into cliente (id, bloqueado, data_cadastro, data_nascimento, quantidade_reservas, sexo, valor_gasto, restaurante_id, cpf, telefone, nome, sobrenome) values (14, true, '2024-08-09 00:53:30', '2001-11-20 21:49:09', 0, 0, 0, 4, '77724705362', '0559872664975', 'Bradley', 'Blaise');
insert into cliente (id, bloqueado, data_cadastro, data_nascimento, quantidade_reservas, sexo, valor_gasto, restaurante_id, cpf, telefone, nome, sobrenome) values (15, true, '2024-02-15 09:22:43', '2002-04-10 13:32:01', 0, 0, 0, 2, '08716398552', '8761317541518', 'Barnie', 'Sollis');
insert into cliente (id, bloqueado, data_cadastro, data_nascimento, quantidade_reservas, sexo, valor_gasto, restaurante_id, cpf, telefone, nome, sobrenome) values (16, true, '2023-12-04 17:41:57', '2001-07-21 11:20:43', 0, 1, 0, 2, '38249774305', '1842615296973', 'Uriel', 'Archbald');
insert into cliente (id, bloqueado, data_cadastro, data_nascimento, quantidade_reservas, sexo, valor_gasto, restaurante_id, cpf, telefone, nome, sobrenome) values (17, true, '2023-10-19 20:59:16', '2004-03-25 00:27:56', 0, 0, 0, 1, '99940605201', '0705286655783', 'Thorvald', 'Markey');
insert into cliente (id, bloqueado, data_cadastro, data_nascimento, quantidade_reservas, sexo, valor_gasto, restaurante_id, cpf, telefone, nome, sobrenome) values (18, true, '2023-10-10 13:00:03', '2001-12-02 18:16:39', 0, 1, 0, 5, '52203579800', '0890896895665', 'Wain', 'Dozdill');
insert into cliente (id, bloqueado, data_cadastro, data_nascimento, quantidade_reservas, sexo, valor_gasto, restaurante_id, cpf, telefone, nome, sobrenome) values (19, false, '2024-09-04 15:54:15', '2002-02-12 18:52:50', 0, 1, 0, 3, '56981801644', '9039429658506', 'Derrick', 'Beadell');
insert into cliente (id, bloqueado, data_cadastro, data_nascimento, quantidade_reservas, sexo, valor_gasto, restaurante_id, cpf, telefone, nome, sobrenome) values (20, true, '2024-03-23 17:57:01', '2003-08-10 19:26:52', 0, 1, 0, 4, '23614155951', '4229498049562', 'Lowrance', 'Stigers');

insert into mesa (id, numero, capacidade_pessoas, restaurante_id) values (1, 1, 2, 1);
insert into mesa (id, numero, capacidade_pessoas, restaurante_id) values (2, 5, 6, 4);
insert into mesa (id, numero, capacidade_pessoas, restaurante_id) values (3, 3, 2, 5);
insert into mesa (id, numero, capacidade_pessoas, restaurante_id) values (4, 5, 2, 2);
insert into mesa (id, numero, capacidade_pessoas, restaurante_id) values (5, 1, 4, 3);
insert into mesa (id, numero, capacidade_pessoas, restaurante_id) values (6, 3, 4, 3);
insert into mesa (id, numero, capacidade_pessoas, restaurante_id) values (7, 1, 7, 5);
insert into mesa (id, numero, capacidade_pessoas, restaurante_id) values (8, 10, 2, 1);
insert into mesa (id, numero, capacidade_pessoas, restaurante_id) values (9, 6, 2, 5);
insert into mesa (id, numero, capacidade_pessoas, restaurante_id) values (10, 4, 5, 2);
insert into mesa (id, numero, capacidade_pessoas, restaurante_id) values (11, 1, 2, 5);
insert into mesa (id, numero, capacidade_pessoas, restaurante_id) values (12, 5, 7, 2);
insert into mesa (id, numero, capacidade_pessoas, restaurante_id) values (13, 1, 8, 2);
insert into mesa (id, numero, capacidade_pessoas, restaurante_id) values (14, 3, 6, 3);
insert into mesa (id, numero, capacidade_pessoas, restaurante_id) values (15, 10, 5, 1);

insert into reserva (id, data_reserva, quantidade_pessoas, status, cliente_id, mesa_id, observacao) values (1, '2024-01-06 02:45:55', 5, 1, 18, 2, 'risus dapibus');
insert into reserva (id, data_reserva, quantidade_pessoas, status, cliente_id, mesa_id, observacao) values (2, '2024-09-25 01:11:47', 6, 1, 17, 13, null);
insert into reserva (id, data_reserva, quantidade_pessoas, status, cliente_id, mesa_id, observacao) values (3, '2024-01-08 17:10:26', 5, 2, 20, 7, null);
insert into reserva (id, data_reserva, quantidade_pessoas, status, cliente_id, mesa_id, observacao) values (4, '2024-06-20 13:57:18', 3, 3, 6, 9, null);
insert into reserva (id, data_reserva, quantidade_pessoas, status, cliente_id, mesa_id, observacao) values (5, '2024-04-29 21:22:08', 5, 1, 13, 3, 'ac nulla sed vel');
insert into reserva (id, data_reserva, quantidade_pessoas, status, cliente_id, mesa_id, observacao) values (6, '2024-09-19 21:52:53', 3, 3, 13, 10, 'vestibulum');
insert into reserva (id, data_reserva, quantidade_pessoas, status, cliente_id, mesa_id, observacao) values (7, '2024-04-29 11:04:24', 3, 2, 2, 13, null);
insert into reserva (id, data_reserva, quantidade_pessoas, status, cliente_id, mesa_id, observacao) values (8, '2024-09-06 00:16:31', 2, 1, 1, 10, null);
insert into reserva (id, data_reserva, quantidade_pessoas, status, cliente_id, mesa_id, observacao) values (9, '2024-08-01 23:50:28', 3, 0, 1, 9, null);
insert into reserva (id, data_reserva, quantidade_pessoas, status, cliente_id, mesa_id, observacao) values (10, '2024-07-07 14:45:21', 4, 3, 13, 1, 'nulla suspendisse potenti');

insert into pedido (id, valor, reserva_id, descricao) values (1, 38.57, 2, 'natoque');
insert into pedido (id, valor, reserva_id, descricao) values (2, 71.71, 8, 'dapibus augue');
insert into pedido (id, valor, reserva_id, descricao) values (3, 91.9, 6, 'id lobortis');
insert into pedido (id, valor, reserva_id, descricao) values (4, 131.61, 5, 'a suscipit');
insert into pedido (id, valor, reserva_id, descricao) values (5, 130.88, 5, 'sem');
insert into pedido (id, valor, reserva_id, descricao) values (6, 96.72, 7, 'lacus');
insert into pedido (id, valor, reserva_id, descricao) values (7, 148.0, 6, 'suspendisse accumsan');
insert into pedido (id, valor, reserva_id, descricao) values (8, 38.82, 9, 'orci eget');
insert into pedido (id, valor, reserva_id, descricao) values (9, 114.89, 2, 'nulla');
insert into pedido (id, valor, reserva_id, descricao) values (10, 115.17, 2, 'id');
insert into pedido (id, valor, reserva_id, descricao) values (11, 115.73, 9, 'odio');
insert into pedido (id, valor, reserva_id, descricao) values (12, 61.05, 2, 'tincidunt');
insert into pedido (id, valor, reserva_id, descricao) values (13, 124.13, 1, 'proin');
insert into pedido (id, valor, reserva_id, descricao) values (14, 74.36, 1, 'posuere cubilia');
insert into pedido (id, valor, reserva_id, descricao) values (15, 37.78, 10, 'vestibulum ante');
insert into pedido (id, valor, reserva_id, descricao) values (16, 59.08, 10, 'elit');
insert into pedido (id, valor, reserva_id, descricao) values (17, 140.09, 9, 'erat');
insert into pedido (id, valor, reserva_id, descricao) values (18, 103.72, 3, 'non');
insert into pedido (id, valor, reserva_id, descricao) values (19, 46.03, 7, 'neque aenean');
insert into pedido (id, valor, reserva_id, descricao) values (20, 31.76, 4, 'sed');
